,decile,count,avg_pre_sales,avg_Actual_sales
1,10,350,1090.251424,986.9433486
2,9,350,710.113394,744.2726392
3,8,350,579.972461,625.7493491
4,7,350,492.0582041,538.7212286
5,6,350,425.0530316,473.7954184
6,5,350,373.0769281,412.4685429
7,4,350,325.3191634,378.6559143
8,3,350,279.2752236,318.8211429
9,2,350,229.9687266,250.4001714
10,1,350,155.3789215,150.4947429
